<?xml version="1.0" encoding="UTF-8"?>
<metadata xml:lang="pt"><Esri><CreaDate>20230619</CreaDate><CreaTime>12462500</CreaTime><ArcGISFormat>1.0</ArcGISFormat><SyncOnce>TRUE</SyncOnce><DataProperties><itemProps><itemLocation><linkage Sync="TRUE">file://\\F62HR7L\D$\SIG_IBGE\SIG_IBGE_2022\BR_UF_2022</linkage><protocol Sync="TRUE">Local Area Network</protocol></itemLocation></itemProps><copyHistory><copy source="D:\rede\BR_UF_2022" dest="\\F62HR7L\D$\SIG_IBGE\SIG_IBGE_2022\BR_UF_2022" date="20230619" time="12462500"></copy></copyHistory></DataProperties></Esri></metadata>
